chembl_id,smiles,name,molecular_weight
CHEMBL6329,Cc1cc(-n2ncc(=O)[nH]c2=O)ccc1C(=O)c1ccccc1Cl,,341.75
CHEMBL6328,Cc1cc(-n2ncc(=O)[nH]c2=O)ccc1C(=O)c1ccc(C#N)cc1,,332.32
CHEMBL265667,Cc1cc(-n2ncc(=O)[nH]c2=O)cc(C)c1C(O)c1ccc(Cl)cc1,,357.80
CHEMBL6362,Cc1ccc(C(=O)c2ccc(-n3ncc(=O)[nH]c3=O)cc2)cc1,,307.31
CHEMBL267864,Cc1cc(-n2ncc(=O)[nH]c2=O)ccc1C(=O)c1ccc(Cl)cc1,,341.75
CHEMBL6363,Cc1cc(-n2ncc(=O)[nH]c2=O)ccc1C(=O)c1ccccc1,,307.31
CHEMBL6352,Cc1cc(Br)ccc1C(=O)c1ccc(-n2ncc(=O)[nH]c2=O)cc1Cl,,420.65
CHEMBL268097,O=C(c1ccc(Cl)cc1Cl)c1ccc(-n2ncc(=O)[nH]c2=O)cc1Cl,,396.62
CHEMBL266457,CS(=O)(=O)c1ccc(C(=O)c2ccc(-n3ncc(=O)[nH]c3=O)cc2Cl)cc1,,405.82
CHEMBL268556,c1cc2cc(c1)-c1cccc(c1)C[n+]1ccc(c3ccccc31)NCCCCCCCCCCNc1cc[n+](c3ccccc13)C2,,606.86
CHEMBL6214,CSc1ccc(C(=O)c2ccc(-n3ncc(=O)[nH]c3=O)cc2Cl)cc1,,373.82
CHEMBL6222,O=C(c1ccc(Cl)cc1)c1ccc(-n2ncc(=O)[nH]c2=O)cc1Cl,,362.17
CHEMBL6206,O=C1O/C(=C/Br)CCC1c1cccc2ccccc12,BROMOENOL LACTONE,317.18
CHEMBL6223,O=C1O/C(=C/I)CCC1c1cccc2ccccc12,,364.18
CHEMBL269758,C#C/C=C1\CCC(c2cccc3ccccc23)C(=O)O1,,262.31
CHEMBL6228,O=C1O/C(=C\I)CCC1c1cccc2ccccc12,,364.18
CHEMBL268365,O=C(c1ccccc1)c1ccc(-n2ncc(=O)[nH]c2=O)cc1,,293.28
CHEMBL6230,O=c1cnn(-c2ccc(C(O)c3ccc(Cl)cc3)c(Cl)c2)c(=O)[nH]1,,364.19
CHEMBL6254,O=C(c1ccccc1)c1cc(-n2ncc(=O)[nH]c2=O)ccc1Cl,,327.73
CHEMBL6268,Cc1cc(-n2ncc(=O)[nH]c2=O)ccc1C(O)c1ccccc1,,309.32
CHEMBL414196,COc1cc2nc(N3CCN(C(=O)C4CC4c4ccccc4)CC3)nc(N)c2cc1OC,,433.51
CHEMBL268528,COc1ccc(C(=O)c2ccc(-n3ncc(=O)[nH]c3=O)cc2)cc1,,323.31
CHEMBL112998,COc1cc2nc(N3CCN(S(=O)(=O)c4cccs4)CC3)nc(N)c2cc1OC,,435.53
CHEMBL6266,c1ccc2c(c1)c1cc[n+]2Cc2ccc(cc2)-c2ccc(cc2)C[n+]2ccc(c3ccccc32)NCCCCCCCCCCN1,,606.86
CHEMBL6354,Nc1cc[n+](Cc2cccc(-c3cccc(C[n+]4ccc(N)c5ccccc54)c3)c2)c2ccccc12,,468.60
CHEMBL429017,Nc1cc[n+](Cc2ccc(CCc3ccc(C[n+]4ccc(N)c5ccccc54)cc3)cc2)c2ccccc12,,496.66
CHEMBL6361,Nc1cc[n+](Cc2ccc(/C=C\c3ccc(C[n+]4ccc(N)c5ccccc54)cc3)cc2)c2ccccc12,,494.64
CHEMBL6212,c1ccc(C[n+]2ccc(NCCCCCCCCCCNc3cc[n+](Cc4ccccc4)c4ccccc34)c3ccccc32)cc1,,608.87
CHEMBL258254,C1=C\c2ccc(cc2)C[n+]2ccc(c3ccccc32)NCCCCCCCCCCNc2cc[n+](c3ccccc23)Cc2ccc/1cc2,,632.90
CHEMBL266885,c1ccc2c(c1)c1cc[n+]2Cc2ccc(cc2)CCc2ccc(cc2)C[n+]2ccc(c3ccccc32)NCCCCCCCCCCN1,,634.91
CHEMBL446445,c1ccc2c(c1)c1cc[n+]2Cc2ccc(cc2)Cc2ccc(cc2)C[n+]2ccc(c3ccccc32)NCCCCCCCCCCN1,UCL-1530,620.88
CHEMBL6356,Nc1cc[n+](Cc2ccc3c(c2)Cc2cc(C[n+]4ccc(N)c5ccccc54)ccc2-3)c2ccccc12,,480.62
CHEMBL269729,Nc1cc[n+](Cc2ccc(-c3ccc(C[n+]4ccc(N)c5ccccc54)cc3)cc2)c2ccccc12,,468.60
CHEMBL6344,Cc1cc(-n2ncc(=O)[nH]c2=O)ccc1C(=O)c1ccc(Cl)cc1Cl,,376.20
CHEMBL6207,c1ccc2c(c1)c1cc[n+]2Cc2ccc3c(c2)Cc2cc(ccc2-3)C[n+]2ccc(c3ccccc32)NCCCCCCCCCCN1,,618.87
CHEMBL6315,Nc1cc[n+](Cc2ccc(Cc3ccc(C[n+]4ccc(N)c5ccccc54)cc3)cc2)c2ccccc12,,482.63
CHEMBL266223,COC(=O)/C=C/C(=O)Nc1ccc(CCCCC(=O)N2CCN(c3nc(N)c4cc(OC)c(OC)cc4n3)CC2)cc1,,576.65
CHEMBL263077,COc1cc2nc(N3CCN(C(=O)CCc4ccccc4)CC3)nc(N)c2cc1OC,,421.50
CHEMBL6347,COc1ccc(/C=C/C(=O)N2CCN(c3nc(N)c4cc(OC)c(OC)cc4n3)CC2)cc1,,449.51
CHEMBL6348,COc1cc2nc(N3CCN(C(=O)/C=C/c4cccc(F)c4)CC3)nc(N)c2cc1OC,,437.48
CHEMBL6339,COc1cc2nc(N3CCN(C(=O)C4CC5C=CC4C5)CC3)nc(N)c2cc1OC,,409.49
CHEMBL6340,C/C=C/C=C/C(=O)N1CCN(c2nc(N)c3cc(OC)c(OC)cc3n2)CC1,,383.45
CHEMBL268768,COc1cc2nc(N3CCN(C(=O)/C=C/c4ccccc4)CC3)nc(N)c2cc1OC,,419.49
CHEMBL6358,COc1cc2nc(N3CCN(C(=O)/C=C/c4ccc(F)cc4)CC3)nc(N)c2cc1OC,,437.48
CHEMBL6351,COc1cc2nc(N3CCN(C(=O)/C=C/c4ccc(Cl)cc4)CC3)nc(N)c2cc1OC,,453.93
CHEMBL6342,COc1cc2nc(N3CCN(C(=O)/C(F)=C/c4ccccc4)CC3)nc(N)c2cc1OC,,437.48
CHEMBL6218,COc1cc2nc(N3CCN(C(=O)Nc4ccccc4)CC3)nc(N)c2cc1OC,,408.46
CHEMBL6219,COC(=O)/C=C/C(=O)Nc1ccc(/C=C/C(=O)N2CCN(c3nc(N)c4cc(OC)c(OC)cc4n3)CC2)cc1,,546.58
CHEMBL6208,COc1cc2nc(N3CCN(/C(S)=N/C4CCCCC4)CC3)nc(N)c2cc1OC,,430.58
CHEMBL429379,COc1cc2nc(N3CCN(C(=O)C4=CC5C=CC4CC5)CC3)nc(N)c2cc1OC,,421.50
CHEMBL415285,COc1cc2nc(N3CCN(S(=O)(=O)c4ccc(C)cc4)CC3)nc(N)c2cc1OC,,443.53
CHEMBL264721,COc1cc2nc(N3CCN(/C(S)=N/c4ccccc4)CC3)nc(N)c2cc1OC,,424.53
CHEMBL415286,O=C(c1ccc(-n2ncc(=O)[nH]c2=O)cc1)c1cccs1,,299.31
CHEMBL6226,Cc1cc(-n2ncc(=O)[nH]c2=O)ccc1Cc1ccccc1,,293.33
CHEMBL6236,Cc1cc(-n2ncc(=O)[nH]c2=O)cc(Cl)c1C(=O)c1ccc(Cl)cc1,,376.20
CHEMBL6237,O=C(c1ccccc1)c1cccc(-n2ncc(=O)[nH]c2=O)c1,,293.28
CHEMBL6238,Cc1cc(-n2ncc(=O)[nH]c2=O)cc(C)c1C(=O)c1ccc(Cl)cc1,,355.78
CHEMBL266484,Cc1cc(Cl)ccc1C(=O)c1ccc(-n2ncc(=O)[nH]c2=O)cc1C,,355.78
CHEMBL6239,CC(=O)c1ccc(-n2ncc(=O)[nH]c2=O)cc1Cl,,265.66
CHEMBL6240,O=C(c1ccccc1)c1ccc(-n2ncc(=O)[nH]c2=O)cc1Cl,,327.73
CHEMBL6243,Cc1cc(C)c(C(=O)c2ccc(-n3ncc(=O)[nH]c3=O)cc2)c(C)c1,,335.36
CHEMBL6272,O=C(c1ccc(Cl)cc1)c1ccc(-n2ncc(=O)[nH]c2=O)cc1,,327.73
CHEMBL269496,Cc1cc(-n2ncc(=O)[nH]c2=O)ccc1C(O)c1ccc(Cl)cc1,,343.77
CHEMBL6283,c1cncc(CN2CCN(CC3CCCCN3)CC2)c1,,274.41
CHEMBL6284,c1cc(CN2CCN(CC3CCCCN3)CC2)ccn1,,274.41
CHEMBL6277,CN1CCCCC1CN1CCN(Cc2ccncc2)CC1,,288.44
CHEMBL268830,CN1CCCCC1CN1CCN(Cc2cccnc2)CC1,,288.44
CHEMBL6290,COc1cc2nc(N3CCN(C(=O)/C=C/c4ccc(Br)cc4)CC3)nc(N)c2cc1OC,,498.38
CHEMBL6308,CCCC(=O)c1ccc(-n2ncc(=O)[nH]c2=O)cc1,,259.26
CHEMBL268150,CC(=O)c1ccc(-n2ncc(=O)[nH]c2=O)cc1,,231.21
CHEMBL6293,O=c1cnn(-c2ccc(-c3ccc4oc5ccc(Cl)cc5c(=O)c4c3)cc2)c(=O)[nH]1,,417.81
CHEMBL447227,COc1cc2nc(N3CCN(C(=O)c4ccc(N=C=S)c(I)c4)CC3)nc(N)c2cc1OC,,576.42
CHEMBL6302,COc1cc2nc(N3CCN(/C(S)=N/c4ccc(NC(=S)N5CC5)cc4)CC3)nc(N)c2cc1OC,,524.68
CHEMBL268831,CN1CCC[C@H]1CN1CCN(Cc2ccncc2)CC1,,274.41
CHEMBL267915,CN1CCC[C@H]1CN1CCN(Cc2cccnc2)CC1,,274.41
CHEMBL2,COc1cc2nc(N3CCN(C(=O)c4ccco4)CC3)nc(N)c2cc1OC,PRAZOSIN,383.41
CHEMBL6306,COC(=O)/C=C/C=C/C(=O)N1CCN(c2nc(N)c3cc(OC)c(OC)cc3n2)CC1,,427.46
CHEMBL415103,COc1cc2nc(N3CCN(C(=O)C4OC4c4ccccc4)CC3)nc(N)c2cc1OC,,435.48
CHEMBL6321,COc1cc2nc(N3CCN(C(=O)/C=C/C(=O)c4ccccc4)CC3)nc(N)c2cc1OC,,447.50
CHEMBL6323,COc1cc2nc(N3CCN(C(=O)c4ccc5ccccc5c4)CC3)nc(N)c2cc1OC,,443.51
CHEMBL6313,COc1cc2nc(N3CCN(/C(S)=N/c4ccc(N=[N+]=[N-])cc4)CC3)nc(N)c2cc1OC,,465.54
CHEMBL266081,COc1cc2nc(N3CCN(C(=O)c4cccc(CCl)c4)CC3)nc(N)c2cc1OC,,441.92
CHEMBL6314,COc1cc2nc(N3CCN(C(=O)/C=C/c4ccc(N=C=S)cc4)CC3)nc(N)c2cc1OC,,476.56
CHEMBL6343,COc1cc2nc(N3CCN(C(=O)/C=C/c4ccc(NC(=O)CBr)cc4)CC3)nc(N)c2cc1OC,,555.43
CHEMBL204146,O=c1oc2c(O)c(O)ccc2c2ccc(O)cc12,,244.20
CHEMBL6355,O=c1oc2ccccc2c2ccccc12,,196.21
CHEMBL6364,O=c1oc2c(O)c(O)ccc2c2ccccc12,,228.20
CHEMBL6365,O=c1oc2ccccc2c2cc(O)c(O)cc12,,228.20
CHEMBL266458,O=c1oc2cc(O)c(O)cc2c2cc(O)c(O)cc12,,260.20
CHEMBL6366,COc1cc2nc(N3CCN(C(=O)COc4ccccc4)CC3)nc(N)c2cc1OC,,423.47
CHEMBL216458,C=C(C=O)C[C@H]1C[C@H](O)[C@]2(C)O[C@@H]3C[C@@H]4O[C@@H]5C[C@]6(C)O[C@]7(C)CC[C@@H]8O[C@@H]9C[C@]%10(C)O[C@@H]%11C(C)=CC(=O)O[C@H]%11C[C@H]%10O[C@H]9C[C@@H](C)[C@H]8O[C@H]7C[C@H]6O[C@@]5(C)C/C=C\[C@H]4O[C@H]3C[C@H]2O1,ALPHA-BUNGAROTOXIN,895.10
CHEMBL3,CN1CCC[C@H]1c1cccnc1,NICOTINE,162.24
CHEMBL6200,c1cncc([C@@H]2CCCN2)c1,NORNICOTINE,148.21
CHEMBL266886,CCC(C)(C)NC(=O)OCC1CN(C(=O)c2cc(OC)c(OC)c(OC)c2)CCN1C(=O)c1cc(OC)c(OC)c(OC)c1,,617.70
CHEMBL269132,COc1cc(C(=O)N2CCN(C(=O)c3cc(OC)c(OC)c(OC)c3)C(COC(=O)NC(C)CC(C)C)C2)cc(OC)c1OC,,631.72
CHEMBL269133,CCCC(C)NC(=O)OCC1CN(C(=O)c2cc(OC)c(OC)c(OC)c2)CCN1C(=O)c1cc(OC)c(OC)c(OC)c1,,617.70
CHEMBL6346,O=C(C1CCCCN1)N1CCN(Cc2cccnc2)CC1,SCR01020,288.40
CHEMBL414181,c1cncc(CN2CCN(C[C@@H]3CCCN3)CC2)c1,,260.38
CHEMBL6334,c1cc(CN2CCN(C[C@@H]3CCCN3)CC2)ccn1,,260.39
CHEMBL263076,O=c1oc2c(O)c(O)ccc2c2cc(F)ccc12,,246.19
CHEMBL6335,O=c1oc2c(Cl)c(Cl)ccc2c2cc(O)c(O)cc12,,297.09
CHEMBL6336,Cc1cc(O)c(O)c2oc(=O)c3ccc(F)cc3c12,,260.22
CHEMBL6353,ONC1c2cc(O)c(O)cc2-c2cc(O)c(O)cc21,,261.23
CHEMBL6345,O=C1c2cc(O)c(O)cc2-c2cc(O)c(O)cc21,,244.20
CHEMBL268770,O=c1oc2c(F)c(F)ccc2c2cc(O)c(O)cc12,,264.18
CHEMBL6349,O=c1oc2cc(O)c(O)cc2c2cc(F)ccc12,,246.19
CHEMBL413593,C[C@]12CCC3C(CC=C4C[C@@H](O)[C@H]5COC[C@]43C5)C1CC[C@@H]2OC1CC1,,358.52
CHEMBL267358,C[C@]12CCC(=O)C=C1C(=O)CC1C2CC[C@@]2(C)C1CC[C@@H]2OC1CC1,,342.48
CHEMBL6338,O=c1oc2c(O)c(O)ccc2c2cc(O)c(O)cc12,,260.20
CHEMBL269134,COc1cc(C(=O)N2CCN(C(=O)c3cc(OC)c(OC)c(OC)c3)C(COC(=O)NCC(C)(C)C)C2)cc(OC)c1OC,,617.70
CHEMBL6359,COc1cc(C(=O)N2CCN(C(=O)c3cc(OC)c(OC)c(OC)c3)C(COC(=O)NC(C)(C)C)C2)cc(OC)c1OC,,603.67
CHEMBL6211,CCCCCCCC(=O)OCC1CN(C(=O)c2cc(OC)c(OC)c(OC)c2)CCN1C(=O)c1cc(OC)c(OC)c(OC)c1,,630.73
CHEMBL266184,CCCCCCCCCC(=O)OCC1CN(C(=O)c2cc(OC)c(OC)c(OC)c2)CCN1C(=O)c1cc(OC)c(OC)c(OC)c1,,658.79
CHEMBL6217,COc1cc(C(=O)N2CCN(C(=O)c3cc(OC)c(OC)c(OC)c3)C(COC(C)=O)C2)cc(OC)c1OC,,546.57
CHEMBL24879,CCCCCCCCNC(=O)OCC1CN(C(=O)c2cc(OC)c(OC)c(OC)c2)CCN1C(=O)c1cc(OC)c(OC)c(OC)c1,,659.78
CHEMBL227457,CCCCCCCCCCCCCCCCCC(=O)OCC1CN(C(=O)c2cc(OC)c(OC)c(OC)c2)CCN1C(=O)c1cc(OC)c(OC)c(OC)c1,,771.00
CHEMBL6201,Cn1c(CC(=O)O)cc(CO)c1C(=O)c1ccc(Cl)cc1,,307.73
CHEMBL265773,COc1cc(C(=O)N2CCN(C(=O)c3cc(OC)c(OC)c(OC)c3)C(COC(=O)COc3ccc(Cl)cc3)C2)cc(OC)c1OC,,673.12
CHEMBL414696,COc1cc(C(=O)N2CCN(C(=O)c3cc(OC)c(OC)c(OC)c3)C(COC(=O)COc3ccc(F)cc3)C2)cc(OC)c1OC,,656.66
CHEMBL267913,C[C@]12CCC(=O)C=C1CCC1C2CC[C@@]2(C)C1CC[C@@H]2OC1CC1,,328.50
CHEMBL6245,CC1(C)C2=CCC3C(CC[C@@]4(C)C3CC[C@@H]4OC3CC3)[C@@]2(C)CC[C@@H]1O,,358.57
CHEMBL4,CC1COc2c(N3CCN(C)CC3)c(F)cc3c(=O)c(C(=O)O)cn1c23,OFLOXACIN,361.37
CHEMBL5,CCn1cc(C(=O)O)c(=O)c2ccc(C)nc21,NALIDIXIC ACID,232.24
CHEMBL6246,O=c1oc2c(O)c(O)cc3c(=O)oc4c(O)c(O)cc1c4c23,ELLAGIC ACID,302.19
CHEMBL6247,Cc1cc(O)c(O)c2oc(=O)c3cc(O)c(O)cc3c12,,274.23
CHEMBL268597,COc1cc(C(=O)N2CCN(C(=O)c3cc(OC)c(OC)c(OC)c3)C(COC(=O)C3CCCCC3)C2)cc(OC)c1OC,,614.69
CHEMBL6270,CCC(CC)C(=O)OCC1CN(C(=O)c2cc(OC)c(OC)c(OC)c2)CCN1C(=O)c1cc(OC)c(OC)c(OC)c1,,602.68
CHEMBL6311,CC(=O)/C=C/CC1C(=O)N2[C@@H](C(=O)O)C(C)(C)S(=O)(=O)[C@@H]12,,315.35
CHEMBL6312,C=Cn1cc(C(=O)O)c(=O)c2cc(F)c(N3CCC(CNCC)C3)c(F)c21,,377.39
CHEMBL204021,CCN(CC)CCN(Cc1ccc(-c2ccc(C(F)(F)F)cc2)cc1)C(=O)Cn1c(SCc2ccc(F)cc2)nc(=O)c2c1CCC2,DARAPLADIB,666.79
CHEMBL383864,COCCc1ccc(OCC(O)CN(CC(O)COc2ccc(CCOC)cc2)C(C)COCC(C)OCC(C)OCC(C)N(CC(O)COc2ccc(CCOC)cc2)CC(O)COc2ccc(CCOC)cc2)cc1,,1081.39
CHEMBL266222,CC[C@H](NC(=O)[C@H](CC1CCCCC1)NC(=O)[C@@H](NC(=O)[C@H](CC(C)C)NC(=O)c1cnccn1)[C@@H](C)CC)C(=O)C(=O)N[C@@H](CCCCN)C(=O)O,,744.93
CHEMBL6263,CCCCCN(CCCCC)C(=O)OCC1CN(C(=O)c2cc(OC)c(OC)c(OC)c2)CCN1C(=O)c1cc(OC)c(OC)c(OC)c1,,687.83
CHEMBL6319,CCCCN(CCCC)C(=O)OCC1CN(C(=O)c2cc(OC)c(OC)c(OC)c2)CCN1C(=O)c1cc(OC)c(OC)c(OC)c1,,659.78
CHEMBL6341,CCCC(=O)OCC1CN(C(=O)c2cc(OC)c(OC)c(OC)c2)CCN1C(=O)c1cc(OC)c(OC)c(OC)c1,,574.63
CHEMBL269131,CCCN(CCC)C(=O)OCC1CN(C(=O)c2cc(OC)c(OC)c(OC)c2)CCN1C(=O)c1cc(OC)c(OC)c(OC)c1,,631.72
CHEMBL6322,CCN(CC)C(=O)OCC1CN(C(=O)c2cc(OC)c(OC)c(OC)c2)CCN1C(=O)c1cc(OC)c(OC)c(OC)c1,PMS-601,603.67
CHEMBL267357,COc1cc(NC(=O)OCC2CN(C(=O)c3cc(OC)c(OC)c(OC)c3)CCN2C(=O)c2cc(OC)c(OC)c(OC)c2)cc(OC)c1OC,,713.74
CHEMBL380444,CCC(CC)NC(=O)OCC1CN(C(=O)c2cc(OC)c(OC)c(OC)c2)CCN1C(=O)c1cc(OC)c(OC)c(OC)c1,,617.70
CHEMBL204022,CCC(C)CNC(=O)OCC1CN(C(=O)c2cc(OC)c(OC)c(OC)c2)CCN1C(=O)c1cc(OC)c(OC)c(OC)c1,,617.70
CHEMBL6350,CCCCC(CC)CNC(=O)OCC1CN(C(=O)c2cc(OC)c(OC)c(OC)c2)CCN1C(=O)c1cc(OC)c(OC)c(OC)c1,,659.78
CHEMBL6202,COc1cc(C(=O)N2CCN(C(=O)c3cc(OC)c(OC)c(OC)c3)C(COC(=O)NCCC(C)C)C2)cc(OC)c1OC,,617.70
CHEMBL258053,COc1cc(C(=O)N2CCN(C(=O)c3cc(OC)c(OC)c(OC)c3)C(COC(=O)NC(C)C(C)C)C2)cc(OC)c1OC,,617.70
CHEMBL6203,COc1cc(C(=O)N2CCN(C(=O)c3cc(OC)c(OC)c(OC)c3)C(COC(=O)c3ccccc3Cl)C2)cc(OC)c1OC,,643.09
CHEMBL258253,CCCCCC(=O)OCC1CN(C(=O)c2cc(OC)c(OC)c(OC)c2)CCN1C(=O)c1cc(OC)c(OC)c(OC)c1,,602.68
CHEMBL263777,Cc1nccn1CCCCc1ccc(CC(=O)N[C@H](CO)Cc2ccc(OCCC3CCCCC3)c(CCCN)c2)cc1,,588.84
CHEMBL268596,COc1cc(C(=O)N2CCN(C(=O)c3cc(OC)c(OC)c(OC)c3)C(COC(=O)C(C)(C)C)C2)cc(OC)c1OC,,588.65
CHEMBL6,COc1ccc2c(c1)c(CC(=O)O)c(C)n2C(=O)c1ccc(Cl)cc1,INDOMETHACIN,357.79
CHEMBL266220,O=C(C1CCCCN1)N1CCN(Cc2ccncc2)CC1,,288.40
CHEMBL6233,O=C(C1CCCCN1)N1CCN(Cc2ccccn2)CC1,,288.39
CHEMBL6234,O=C([C@@H]1CCCN1)N1CCN(Cc2cccnc2)CC1,,274.37
CHEMBL268598,O=C([C@@H]1CCCN1)N1CCN(Cc2ccccn2)CC1,,274.37
CHEMBL6232,COc1cc(C(=O)N2CCN(C(=O)c3cc(OC)c(OC)c(OC)c3)C(COC(=O)CC(C)(C)C)C2)cc(OC)c1OC,,602.68
CHEMBL6253,C[C@]12CC[C@H](O)CC1=CCC1C2CC[C@@]2(C)C1CC[C@@H]2OC1CC1,,330.51
CHEMBL414006,C[C@]12CCC3C(CCC4=CC(=O)[C@H]5COC[C@]43C5)C1CC[C@@H]2OC1CC1,,356.51
CHEMBL414007,CCC(CC)C(=O)OCC1CN(Cc2cc(OC)c(OC)c(OC)c2)CCN1Cc1cc(OC)c(OC)c(OC)c1,,574.72
CHEMBL267229,COc1cc(N2CCN(c3cc(OC)c(OC)c(OC)c3)CC2)cc(OC)c1OC,,418.49
CHEMBL6244,COc1cc(C(=O)N2CCN(C(=O)c3cc(OC)c(OC)c(OC)c3)CC2)cc(OC)c1OC,,474.51
CHEMBL6227,Cc1nccn1CCCCc1ccc(CC(=O)N[C@H](CO)Cc2ccc(OCCC3CCCCC3)c(CCCCN)c2)cc1,,602.86
CHEMBL6242,Cc1nccn1CCCCc1ccc(CC(=O)N[C@@H](CO)Cc2ccc(OCCC3CCCCC3)c(CCCN)c2)cc1,,588.84
CHEMBL269340,CCCCNC(=O)OCC1CN(C(=O)c2cc(OC)c(OC)c(OC)c2)CCN1C(=O)c1cc(OC)c(OC)c(OC)c1,,603.67
CHEMBL6251,N[C@@H](CCC(=O)Nc1ccc([N+](=O)[O-])cc1)C(=O)O,,267.24
CHEMBL440577,COC(=O)[C@@H](N)CO,,119.12
CHEMBL263074,Cl.N[C@@H](CNC(=O)Nc1ccc([N+](=O)[O-])cc1)C(=O)O,,304.69
CHEMBL6267,COC(=O)[C@@H](N)COC(=O)Nc1ccc([N+](=O)[O-])cc1.Cl,,319.70
CHEMBL6285,COC(=O)[C@@H](N)CCC(=O)Nc1ccc([N+](=O)[O-])cc1.Cl,,317.73
CHEMBL267627,CON(C)C(=O)/C=C/CC1C(=O)N2[C@@H]1[S+]([O-])C(C)(C)[C@@H]2C(=O)O,,344.39
CHEMBL6286,CC1(C)[C@H](C(=O)O)N2C(=O)C(C/C=C/C=O)[C@H]2S1(=O)=O,,301.32
CHEMBL403,CC1(C)[C@H](C(=O)O)N2C(=O)C[C@H]2S1(=O)=O,SULBACTAM,233.24
CHEMBL6289,CCNCC1CCN(c2c(F)cc3c(=O)c(C(=O)O)cn(OC)c3c2F)C1,,381.38
CHEMBL6282,CCNCC1CCN(c2c(F)cc3c(=O)c(C(=O)O)cn(C4CC4C)c3c2F)C1,,405.45
CHEMBL448105,CC(C)C[C@H](NC(=O)[C@H](C)N)C(=O)N[C@@H](Cc1ccc(O)cc1)C(=O)N[C@@H](C)C(=O)N[C@@H](CO)C(=O)N[C@@H](CCCCN)C(=O)N[C@@H](CC(C)C)C(=O)N[C@@H](CO)C(N)=O,,851.02
CHEMBL6269,Cc1nccn1CCCCc1ccc(CC(=O)N[C@@H](CO)C(=O)N[C@@H](CCCCN)C(=O)NCCC2CCCCC2)cc1,SC-58272,596.82
CHEMBL6300,COC(=O)[C@@H](N)CNC(=O)Nc1ccc([N+](=O)[O-])cc1.Cl,,318.72
CHEMBL6301,CC(=O)/C=C/CC1C(=O)N2[C@@H](C(=O)O)C(C)(C)S(=O)(=O)[C@H]12,,315.35
CHEMBL6309,COC(=O)/C=C/CC1C(=O)N2[C@@H](C(=O)O)C(C)(C)S(=O)(=O)[C@H]12,,331.35
CHEMBL265664,CCNCC1CCN(c2c(F)cc3c(=O)c(C(=O)O)cn(C(C)C)c3c2F)C1,,393.43
CHEMBL6265,CCNCC1CCN(c2c(F)cc3c(=O)c(C(=O)O)cn(C4CCCC4)c3c2F)C1,,419.47
CHEMBL268887,CCNCC1CCN(c2c(F)cc3c(=O)c(C(=O)O)cn(-c4ccc(F)cc4)c3c2F)C1,,445.44
CHEMBL6259,CN1CCN(c2cc3c(cc2F)c(=O)c(C(=O)O)cn3-c2ccc(F)cc2)CC1,DIFLOXACIN,399.40
CHEMBL404,C[C@]1(Cn2ccnn2)[C@H](C(=O)O)N2C(=O)C[C@H]2S1(=O)=O,TAZOBACTAM,300.30
CHEMBL6261,CC1(C)[C@H](C(=O)O)N2C(=O)[C@@H](Cc3cn(CC4CCCN4)nn3)[C@H]2S1(=O)=O,,397.46
CHEMBL6281,CC1(C)[C@H](C(=O)O)N2C(=O)[C@@H](Cc3cn(-c4ccc(O)cc4)nn3)[C@H]2S1(=O)=O,,406.42
CHEMBL6273,CN1CCN(c2c(F)cc3c(=O)c(C(=O)O)cn(CCF)c3c2F)CC1,FLEROXACIN,369.34
CHEMBL6287,CCNCC1CCN(c2c(F)cc3c(=O)c(C(=O)O)cn(C)c3c2F)C1,,365.38
CHEMBL267628,CCNCC1CCN(c2c(F)cc3c(=O)c(C(=O)O)cn(C4CCCCC4)c3c2F)C1,,433.50
CHEMBL6291,Cn1cc(C2=C(c3cn(CCCSC(=N)N)c4ccccc34)C(=O)NC2=O)c2ccccc21,BISINDOLYLMALEIMIDE IX,457.56
CHEMBL6292,CC1(C)[C@H](C(=O)O)N2C(=O)[C@@H](Cc3cn(-c4ccc(F)cc4)nn3)[C@H]2S1(=O)=O,,408.41
CHEMBL267863,CC1(C)[C@H](C(=O)O)N2C(=O)[C@@H](Cc3cn(-c4ccc(N)cc4)nn3)[C@H]2S1(=O)=O,,405.44
CHEMBL263882,CC1(C)[C@H](C(=O)O)N2C(=O)[C@@H](Cc3cn(CC(N)Cc4ccc(O)cc4)nn3)[C@H]2S1(=O)=O,,463.52
CHEMBL6331,Cn1cc(C2=C(c3cn(CCC[N+](C)(C)C)c4ccccc34)C(=O)NC2=O)c2ccccc21,,441.56
CHEMBL6332,Cn1cc(C2=C(c3cn(CCCCC(=N)N)c4ccccc34)C(=O)NC2=O)c2ccccc21,,439.52
CHEMBL268769,CN(C)CCCn1cc(C2=C(c3cn(C)c4ccccc34)C(=O)NC2=O)c2ccccc21,,426.52
CHEMBL269264,Cn1cc(C2=C(c3cn(CCCN)c4ccccc34)C(=O)NC2=O)c2ccccc21,,398.47
CHEMBL6209,CCNCC1CCN(c2c(F)cc3c(=O)c(C(=O)O)cn(CC)c3c2F)C1,MERAFLOXACIN,379.41
CHEMBL6210,CCNCC1CCN(c2c(F)cc3c(=O)c(C(=O)O)cn(C4CC4)c3c2F)C1,PD-117558,391.42
CHEMBL267386,Cn1cc(C2=C(c3cn(CCCN=C(N)N)c4ccccc34)C(=O)NC2=O)c2ccccc21,,440.51
CHEMBL6220,CC1(C)[C@H](C(=O)O)N2C(=O)[C@@H](Cc3cn(-c4ccccc4)nn3)[C@H]2S1(=O)=O,,390.42
CHEMBL267626,CC1(C)[C@H](C(=O)O)N2C(=O)C(C/C=C/C#N)[C@@H]2S1(=O)=O,,298.32
CHEMBL6221,COC(=O)/C=C/CC1C(=O)N2[C@@H](C(=O)O)C(C)(C)S(=O)(=O)[C@@H]12,,331.35
CHEMBL265663,CCNCC1CCN(c2c(F)cc3c(=O)c(C(=O)O)cn(CC(F)(F)F)c3c2F)C1,,433.38
CHEMBL268292,Cn1cc(C2=C(c3cn(CCO)c4ccccc34)C(=O)NC2=O)c2ccccc21,,385.42
CHEMBL6205,Cn1cc(C2=C(c3cn(CCCO)c4ccccc34)C(=O)NC2=O)c2ccccc21,,399.45
CHEMBL441172,Cn1cc(C2=C(c3cn(CCCCO)c4ccccc34)C(=O)NC2=O)c2ccccc21,,413.48
CHEMBL6199,Cn1cc(C2=C(c3cn(CCCCCO)c4ccccc34)C(=O)NC2=O)c2ccccc21,,427.50
CHEMBL429244,CNCCCn1cc(C2=C(c3cn(C)c4ccccc34)C(=O)NC2=O)c2ccccc21,,412.49
CHEMBL6204,COc1ccc(-c2c(-c3ccccn3)nc3n2CCC3)cc1,,291.35
CHEMBL6229,CCc1cc2c(Sc3nnc(N)s3)ncnc2s1,,295.42
CHEMBL6231,CNn1cc(C(=O)O)c(=O)c2cc(F)c(N3CCN(C)CC3)cc21,AMIFLOXACIN,334.35
CHEMBL6215,CCc1cc2c(O)ncnc2s1,,180.23
CHEMBL6235,Cn1cc(C2=C(c3cn(CCCCCN)c4ccccc34)C(=O)NC2=O)c2ccccc21,,426.52
CHEMBL266483,Cn1cc(C2=C(c3cn(CCCCN)c4ccccc34)C(=O)NC2=O)c2ccccc21,,412.49
CHEMBL8,O=C(O)c1cn(C2CC2)c2cc(N3CCNCC3)c(F)cc2c1=O,CIPROFLOXACIN,331.35
CHEMBL6224,C1=C(c2ccccc2)CCNC1,,159.23
CHEMBL6225,CCNCC1CCN(c2c(F)cc3c(=O)c(C(=O)O)cn(CC4CC4)c3c2F)C1,,405.45
CHEMBL6256,CCNCC1CCN(c2c(F)cc3c(=O)c(C(=O)O)cn(NC)c3c2F)C1,,380.40
CHEMBL267230,C[N+]1([O-])CC=C(c2ccccc2)CC1,,189.26
CHEMBL9,CCn1cc(C(=O)O)c(=O)c2cc(F)c(N3CCNCC3)cc21,NORFLOXACIN,319.34
CHEMBL268888,Cn1cc(C2=C(c3cn(CCCCSC(=N)N)c4ccccc34)C(=O)NC2=O)c2ccccc21,,471.59
CHEMBL415287,CCNCC1CCN(c2c(F)cc3c(=O)c(C(=O)O)cn(CCF)c3c2F)C1,,397.40
CHEMBL6250,O=C(O)c1ccc(-c2nc(-c3ccc4c(c3)OCO4)c(-c3ccccn3)[nH]2)cc1,,385.38
CHEMBL10,C[S+]([O-])c1ccc(-c2nc(-c3ccc(F)cc3)c(-c3ccncc3)[nH]2)cc1,SB-203580,377.44
CHEMBL268889,c1ccc(-c2nc3n(c2-c2ccc4c(c2)OCO4)CCC3)nc1,,305.34
CHEMBL266706,Fc1ccc(-c2c(-c3ccccn3)nc3n2CCS3)cc1,,297.36
CHEMBL6304,Fc1ccc(-c2c(-c3ccccn3)nc3n2CCC3)cc1,,279.32
CHEMBL266707,Fc1ccc(-c2c(-c3ccncc3)nc3n2CCS3)cc1,,297.36
CHEMBL6294,Fc1ccc(-c2c(-c3cccnc3)nc3n2CCC3)cc1,,279.32
CHEMBL6299,CCNCC1CCN(c2c(F)cc3c(=O)c(C(=O)O)cn(-c4nccs4)c3c2F)C1,,434.47
CHEMBL263075,CCNCC1CCN(c2c(F)cc3c(=O)c(C(=O)O)cn(-c4ccccc4)c3c2F)C1,,427.45
CHEMBL6262,CCNCC1CCN(c2c(F)cc3c(=O)c(C(=O)O)cn(C4CCC4)c3c2F)C1,,405.45
CHEMBL6276,CCNCC1CCN(c2c(F)cc3c(=O)c(C(=O)O)cn(C4(C)CC4)c3c2F)C1,,405.45
CHEMBL6279,Cn1cc(C2=C(c3cn(CCC/N=C(\N)N[N+](=O)[O-])c4ccccc34)C(=O)NC2=O)c2ccccc21,,485.50
CHEMBL269056,CCc1cc2c(Cl)ncnc2s1,,198.68
CHEMBL267127,CCc1cc2c(Sc3nnc(C)s3)ncnc2s1,,294.43
CHEMBL269495,CCc1cc2c(Nc3nnc(C)s3)ncnc2s1,,277.38
CHEMBL267678,Cc1ccc(Sc2cncc3sc(C(N)=O)cc23)cc1,,300.41
CHEMBL267914,Cc1ccc(Sc2ccnc3sc(C(N)=O)cc23)cc1,,300.41
CHEMBL6248,COc1ccc2sc(C(N)=O)c(OC(C)C)c2c1,,265.33
CHEMBL269339,O=C(O)c1ccc(-c2nc(-c3ccc(F)cc3)c(-c3ccccn3)[nH]2)cc1,,359.36
CHEMBL269341,N#Cc1ccc(-c2nc(-c3ccc4c(c3)OCO4)c(-c3ccccn3)[nH]2)cc1,,366.38
CHEMBL440084,NC(=O)c1ccc(-c2nc(-c3ccccn3)c(-c3ccc4c(c3)OCO4)[nH]2)cc1,SB-431542,384.40
CHEMBL267228,OCc1ccc(-c2nc(-c3ccccn3)c(-c3ccc4c(c3)OCO4)[nH]2)cc1,,371.40
CHEMBL6252,O=C(O)c1ccc(-c2nc(-c3ccc(F)cc3)c(-c3ccncc3)[nH]2)cc1,,359.36
CHEMBL268529,Cn1cc(C2=C(c3cn(CCN)c4ccccc34)C(=O)NC2=O)c2ccccc21,,384.44
CHEMBL267126,Cn1cc(C2=C(c3cn(CCSC(=N)N)c4ccccc34)C(=O)NC2=O)c2ccccc21,,443.53
CHEMBL6274,Cn1cc(C2=C(c3cn(CCCCCSC(=N)N)c4ccccc34)C(=O)NC2=O)c2ccccc21,,485.61
CHEMBL268530,Cc1ccc(Sc2cncc3sc(CO)cc23)cc1,,287.41
CHEMBL6275,Cc1cc(C)cc(Sc2cncc3sc(C(N)=O)cc23)c1,,314.44
CHEMBL267125,Cc1ccc(Sc2cncc3sc(C(N)=O)cc23)cc1C,,314.44
CHEMBL269497,Cc1cccc(Sc2cncc3sc(C(N)=O)cc23)c1,,300.41
CHEMBL6278,Cc1ccccc1Sc1cncc2sc(C(N)=O)cc12,,300.41
CHEMBL267456,NC(=O)c1cc2c(Sc3ccccc3)cncc2s1,,286.38
CHEMBL6316,Cc1ccc(Sc2cncc3sc(/C=N/OCC(=O)O)cc23)cc1,,358.44
CHEMBL6324,Cc1ccc(Sc2cncc3sc(/C=N/OCc4ccccc4)cc23)cc1,,390.53
CHEMBL6249,Cc1ccc(Sc2cncc3sc(/C=N/Oc4ccccc4)cc23)cc1,,376.51
CHEMBL6258,Cc1ccc(Sc2cncc3sc(/C=N/O)cc23)cc1,,300.41
CHEMBL6257,NC(=O)c1cc2c(Cl)cncc2s1,,212.66
CHEMBL262570,C/C(=N\O)c1cc2c(Sc3ccc(C)cc3)cncc2s1,,314.44
CHEMBL6264,Cc1ccc(Sc2cncc3sc(/C=N/OCC(N)=O)cc23)cc1,,357.46
CHEMBL6636,C#CCN(Cc1ccc2nc(C)nc(O)c2c1)c1ccc(C(=O)N[C@@H](C(=O)O)c2cccc([N+](=O)[O-])c2)cc1,,525.52
CHEMBL269598,Cc1ccc(Sc2cncc3sc(C(=O)NN)cc23)cc1,,315.42
CHEMBL6369,COC(=O)c1cc2c(Sc3ccc(C)cc3)cncc2s1,,315.42
CHEMBL6370,Cc1ccc(Sc2cncc3sc(C(=O)O)cc23)cc1,,301.39
CHEMBL6371,Cc1ccc(Sc2cncc3sc(C(=O)c4ccccc4)cc23)cc1,,361.49
CHEMBL266708,CC(=O)c1cc2c(Sc3ccc(C)cc3)cncc2s1,,299.42
CHEMBL6381,Cc1ccc(Sc2cncc3sc(C=O)cc23)cc1,,285.39
CHEMBL266460,Cc1ccc(Sc2cncc3sc(C(=O)N=C(N)N)cc23)cc1,,342.45
CHEMBL6762,Cc1ccc(Sc2cncc3sc(C(=O)NCCCN4CCOCC4)cc23)cc1,,427.60
CHEMBL266197,CCc1cc2c(Sc3ccc(C)cc3)cncc2s1,,285.44
CHEMBL269075,CONC(=O)c1cc2c(Sc3ccc(C)cc3)cncc2s1,,330.43
CHEMBL6517,CON(C)C(=O)c1cc2c(Sc3ccc(C)cc3)cncc2s1,,344.46
CHEMBL263080,NC(=O)c1cc2c(Sc3ccccn3)cncc2s1,,287.37
CHEMBL6534,NC(=O)c1cc2c(Sc3ccc(-c4ccccc4)cc3)cncc2s1,,362.48
CHEMBL263081,COc1ccc(Sc2cncc3sc(C(N)=O)cc23)cc1,,316.41
CHEMBL266198,NC(=O)c1cc2c(Sc3ccc(Br)cc3)cncc2s1,,365.28
CHEMBL6612,NC(=O)c1cc2c(Sc3ccc(Cl)c(Cl)c3)cncc2s1,,355.27
CHEMBL268567,NC(=O)c1cc2c(Sc3ccc(Cl)cc3)cncc2s1,,320.83
CHEMBL428508,Cc1ccc(Sc2cncc3sc(C(=O)NCC(O)CO)cc23)cc1,,374.49
CHEMBL6417,Cc1ccc(Sc2cncc3sc(C(=O)Nc4ccc(Cl)cc4)cc23)cc1,,410.95
CHEMBL266429,Cc1ccc(Sc2cncc3sc(C(=N)S)cc23)cc1,,316.48
CHEMBL6490,CCC(c1cc(Br)c(O)c(Br)c1)C(CC)c1cc(Br)c(O)c(Br)c1,,585.96
CHEMBL414201,CC(=O)OC1CC2(O)C3CCC4CC(OC=O)CCC4(C)C3CCC2(C)[C@H]1C1=CC(=O)OC1,,460.57
CHEMBL269538,COc1ccc2c(c1)[nH]c1c(C)nccc12,HARMINE,212.25
CHEMBL6857,Brc1cccc2c3c([nH]c12)CNCC3,,251.13
CHEMBL6746,Brc1cccc2c3c([nH]c12)C=NCC3,,249.11
CHEMBL6505,CC(C)C[C@H](NC(=O)[C@@H](NC(=O)[C@H](Cc1c[nH]c2ccccc12)NC(=O)[C@H]1CCCN1C(=O)C(CCCCN)CCCCN)C(C)(C)C)C(=O)O,,711.95
CHEMBL266571,CN[C@@H](CCCNC(=N)N)C(=O)N[C@@H](CCCCN)C(=O)N1CCC[C@H]1C(=O)N[C@@H](Cc1c[nH]c2ccccc12)C(=O)N[C@H](C(=O)N[C@@H](CC(C)C)C(=O)O)C(C)(C)C,,826.06
CHEMBL266572,Cc1ccc(Sc2cncc3sccc23)cc1,,257.38
CHEMBL6558,CC(=O)OC1CCC2(C)C(CCC3C2CCC2(C)[C@H](C4=CC(=O)OC4)C(=O)CC32O)C1,,430.54
CHEMBL6404,CCC(c1ccc(O)cc1)C(CC)c1ccc(O)c(F)c1,,288.36
CHEMBL6717,COc1ccc2[nH]c3c(c2c1)CCN=C3,,200.24
CHEMBL6532,C/N=C(/NC(N)=O)NC1c2cc(C#N)ccc2OC(C)(C)[C@H]1O,,317.35
CHEMBL427969,COC(=O)OC1CCC2(C)C(CCC3C2CCC2(C)[C@@H](C4=CC(=O)OC4)C(O)CC32O)C1,,448.56
CHEMBL6647,CN(C)c1cccc2c(S(=O)(=O)Nc3ncc(Br)nc3O)cccc12,,423.29
CHEMBL6514,Cc1c(C)c2c(c(C)c1OCc1ccccc1)CCC(C)(CN(C)CCOc1ccc(/C=C3\SC(=O)NC3=O)cc1)O2,,586.75
CHEMBL266066,C#CCN(Cc1cc2c(O)nc(C)nc2cc1C)c1ccc(C(=O)NCc2cncs2)c(F)c1,,475.55
CHEMBL6398,CNC(=N)NCCCC(N)P(=O)(O)O,,224.20
CHEMBL269002,C/N=C(/NC(C)=O)NC1c2cc(C#N)ccc2OC(C)(C)[C@H]1O,,316.36
CHEMBL264095,C#CCN(Cc1cc2c(O)nc(C)nc2cc1C)c1ccc(C(=O)NCc2cccc(C#N)c2)c(F)c1,,493.54
CHEMBL6576,COc1nc(Br)cnc1NS(=O)(=O)c1cccc2ccccc12,,394.25
CHEMBL6591,COc1cccc2[nH]c3c(c12)CCN=C3,,200.24
CHEMBL6586,COc1cccc2[nH]c3c(c12)CCNC3,,202.26
CHEMBL268151,C#CCN(Cc1cc2c(O)nc(C)nc2cc1C)c1ccc(C(=O)NCc2nccs2)c(F)c1,,475.55
CHEMBL6388,NC(N)=NCCCC(N)P(=O)(O)O,,210.17
CHEMBL6401,NC(N)=NCCCC(N)[PH](=O)O,,194.17
CHEMBL6320,Cc1ccc([S+]([O-])c2cncc3sc(C(N)=O)cc23)cc1,,316.41
CHEMBL268667,NC(=O)Sc1cncc2sc(C(N)=O)cc12,,253.31
CHEMBL269570,NC(=O)c1cc2c(SCc3ccc(Cl)cc3)cncc2s1,,334.85
CHEMBL6310,COc1ccc2c3c([nH]c2c1)CNCC3,,202.26
CHEMBL269571,COc1cccc2c3c([nH]c12)CNCC3,,202.26
CHEMBL6325,C#CCN(Cc1ccc2nc(C)nc(O)c2c1)c1ccc(C(=O)NCc2cccc([N+](=O)[O-])c2)cc1,,481.51
CHEMBL268099,NC(=O)c1cc2c(SC3CCCCC3)cncc2s1,,292.43
CHEMBL267938,Cc1occc1Sc1cncc2sc(C(N)=O)cc12,,290.37
CHEMBL268070,Cc1nnc(Sc2cncc3sc(C(N)=O)cc23)s1,,308.41
CHEMBL6829,C#CCN(Cc1ccc2nc(C)nc(O)c2c1)c1ccc(C(=O)NCc2ccccc2)cc1,,436.52
CHEMBL6830,Cc1ccc(Sc2cncc3sc(C(N)=O)cc23)c(C)c1,,314.44
CHEMBL268600,CCOC(=O)[C@H](CC(C)C)NC(=O)[C@@H](NC(=O)[C@H](Cc1c[nH]c2ccccc12)NC(=O)[C@H]1CCCN1C(=O)[C@H](CCCCN)NC[C@@H](N)CCCN=C(N)N)C(C)(C)C,,826.10
CHEMBL6562,CCOC(=O)[C@H](CC(C)C)NC(=O)[C@@H](NC(=O)[C@H](Cc1c[nH]c2ccccc12)NC(=O)[C@H]1CCCN1C(=O)[C@H](CCCCN)NC[C@@H](N)CCCCN)C(C)(C)C,,798.09
CHEMBL6383,CC12CCC(OC=O)CC1CCC1C2CCC2(C)[C@@H](C3=CC(=O)OC3)C(O)CC12O,,418.53
CHEMBL415107,CCC(c1ccc(O)c(F)c1)C(CC)c1ccc(O)c(F)c1,,306.35
CHEMBL267937,CCC(c1ccc(O)cc1)C(CC)c1ccc(O)c(I)c1,,396.27
CHEMBL266196,CN(C(=O)[C@H](Cc1ccc(CN)cc1)NS(=O)(=O)c1ccc2ccccc2c1)C1CCCC1,,465.62
CHEMBL6442,Cc1ccc(Sc2cccc3sc(C(N)=O)cc23)cc1,,299.42
CHEMBL268149,COC(=O)OC1CCC2(C)C(CCC3C2CCC2(C)[C@@H](C4=CC(=O)OC4)C(OC(=O)OC)CC32O)C1,,506.59
CHEMBL6307,C#CCN(Cc1ccc2nc(C)nc(O)c2c1)c1ccc(C(=O)NCC)cc1,,374.44
CHEMBL6295,CCC(c1ccc(O)c(I)c1)C(CC)c1ccc(O)c(I)c1,,522.16
CHEMBL6296,CN(C)c1cccc2c(S(=O)(=O)Nc3ncc(Br)nc3C#N)cccc12,,432.30
CHEMBL6305,CNC(=N)NCCCC(N)[PH](=O)O,,208.20
CHEMBL266221,C1=NCCc2c1[nH]c1ccccc21,,170.21
CHEMBL6297,CN(C)c1cccc2c(S(=O)(=O)Nc3ccc(Br)nn3)cccc12,,407.29
CHEMBL6761,CN(C)c1cccc2c(S(=O)(=O)Nc3ccc(Cl)nn3)cccc12,,362.84
CHEMBL380726,CC(C)C[C@H](NC(=O)[C@@H](NC(=O)[C@H](Cc1c[nH]c2ccccc12)NC(=O)[C@@H]1CCCN1C(=O)[C@@H](N)CCCCN)C(C)(C)C)C(=O)O,,655.84
CHEMBL6516,CCC(c1ccc(O)c(Br)c1)C(CC)c1cc(Br)c(O)c(Br)c1,,507.06
CHEMBL269057,N/C(=N/CCCC(N)P(=O)(O)O)N[N+](=O)[O-],,255.17
CHEMBL6426,Brc1cccc2[nH]c3c(c12)CCNC3,,251.13
CHEMBL6427,Brc1ccc2[nH]c3c(c2c1)CCNC3,,251.13
CHEMBL6716,CC(C)C[C@H](NC(=O)[C@@H](NC(=O)[C@H](Cc1c[nH]c2ccccc12)NC(=O)[C@H]1CCCN1C(=O)C(CCCN=C(N)N)CCCN=C(N)N)C(C)(C)C)C(=O)O,,767.98
CHEMBL427604,CC[C@H](C)[C@H](NC(=O)[C@H](Cc1c[nH]c2ccccc12)NC(=O)[C@H]1CCCN1C(=O)[C@H](CCCCN)NC[C@@H](N)CCCCN)C(=O)N[C@@H](CC(C)C)C(=O)O,,770.03
CHEMBL265671,CCOC(=O)[C@H](CC(C)C)NC(=O)[C@@H](NC(=O)[C@H](Cc1c[nH]c2ccccc12)NC(=O)[C@H]1CCCN1C(=O)[C@H](CCCCN)NCCCCCCN)C(C)(C)C,,783.07
CHEMBL6555,CNc1cccc2c(S(=O)(=O)Nc3ncc(Br)nc3OC)cccc12,,423.29
CHEMBL268174,COc1nc(C)cnc1NS(=O)(=O)c1cccc2c(N(C)C)cccc12,,372.45
CHEMBL266306,CC(C)[C@H](NC(=O)[C@H](CS)NC(=O)[C@@H](NC(=O)[C@H](CCCN=C(N)N)NC(=O)[C@H](CCCCN)NC(=O)CNC(=O)[C@H](CC(N)=O)NC(=O)[C@H](CS)NC(=O)[C@H](Cc1ccc(O)cc1)NC(=O)[C@H](Cc1ccccc1)NC(=O)[C@@H](N)CCCCN)C(C)C)C(=O)N[C@@H](CS)C(=O)N[C@@H](CCCN=C(N)N)C(N)=O,,1574.97
CHEMBL385851,CC(C)[C@@H]1NC(=O)CNC(=O)[C@H](CO)NC(=O)[C@@H]2CS[C@H]3CC[C@H](NC(=O)[C@@H](O)NC(=O)CNC(=O)[C@@H](C(C)C)NC(=O)[C@H](CC(=O)O)NC(=O)CNC(=O)[C@H](CCCN=C(N)N)NC(=O)[C@@H](C)NC1=O)C(=O)N32,,1070.15
CHEMBL6573,N/C(=N/CCCC(N)[PH](=O)O)N[N+](=O)[O-],,239.17
CHEMBL268691,COc1cc(Br)c2c3c([nH]c2c1)CNCC3,,281.15
CHEMBL414199,CCC(c1ccc(O)c(I)c1)C(CC)c1cc(I)c(O)c(I)c1,,648.06
CHEMBL441891,Brc1ccc2c3c([nH]c2c1)CNCC3,,251.13
CHEMBL263883,Cn1c2c(c3ccccc31)CCNC2,,186.26
CHEMBL266798,Cc1ccc(Sc2nccc3sc(C(N)=O)cc23)cc1,,300.41
CHEMBL6430,CCc1cc2c(NCc3ccccc3)ncnc2s1,,269.37
CHEMBL266799,CCc1cc2c(Sc3ccccn3)ncnc2s1,,273.39
CHEMBL428999,Brc1ccc2c3c([nH]c2c1)C=NCC3,,249.11
CHEMBL6626,Brc1ccc2[nH]c3c(c2c1)CCN=C3,,249.11
CHEMBL6632,C#CCN(Cc1cc2c(O)nc(C)nc2cc1C)c1ccc(C(=O)NCc2ccccn2)c(F)c1,,469.52
CHEMBL267036,CNC(=O)NC1c2cc(C#N)ccc2OC(C)(C)[C@H]1O,,275.31
CHEMBL265621,C/N=C(/NC#N)NC1c2cc(C#N)ccc2OC(C)(C)[C@H]1O,,299.33
CHEMBL6557,Cn1c2c(c3ccccc31)CCNCC2,PNU-22394,200.28
CHEMBL427956,CC(C)C[C@H](NC(=O)[C@@H](NC(=O)[C@H](Cc1c[nH]c2ccccc12)NC(=O)[C@H]1CCCN1C(=O)C(CCCN)CCCN)C(C)(C)C)C(=O)O,,683.89
CHEMBL269236,c1ccc2c3c([nH]c2c1)CNCC3,TRYPTOLINE,172.23
CHEMBL6567,CC1OC(n2cc(F)c(=O)[nH]c2=O)C(O)C1O,,246.19
CHEMBL6386,C[C@]12CCC3c4ccc(O)cc4CCC3C1CC[C@@H]2O,,272.39
CHEMBL267702,C#CCN(Cc1ccc2nc(C)nc(O)c2c1)c1ccc(C(=O)NCc2nccs2)cc1,,443.53
CHEMBL6384,CN/C(=N/C1=CC(C)(C)Oc2ccc(C#N)cc21)NC#N,,281.32
CHEMBL6467,CSc1ccc(CC(C)N)cc1,4-METHYLTHIOAMPHETAMINE,181.30
CHEMBL414012,C#CCN(Cc1cc2c(O)nc(C)nc2cc1C)c1ccc(C(=O)N[C@H](CCC(=O)O)C(=O)O)c(F)c1,,508.51
CHEMBL269074,c1ccc2c3c([nH]c2c1)CCNC3,,172.23
CHEMBL268387,Cc1ccc(NS(=O)(=O)c2cccc3c(N(C)C)cccc23)nn1,,342.42
CHEMBL6389,O=C1N(CN2CCCCC2)c2ccccc2C12SCCS2,,320.48
CHEMBL6390,O=C1Nc2ccccc2C12OCCCO2,,205.21
CHEMBL266956,C#CCN(Cc1ccc2nc(C)nc(O)c2c1)c1ccc(C(=O)N[C@@H](C(=O)O)c2ccccc2)cc1,,480.52
CHEMBL441173,CC1OC(OC2CCC3(C)C(CCC4C3CCC3(C)[C@@H](C5=CC(=O)OC5)C(OC=O)CC43O)C2)CC(O)C1O,,548.67
CHEMBL6509,NCc1c[nH]c2ccccc12,,146.19
CHEMBL6412,COc1nc(Cl)cnc1NS(=O)(=O)c1cccc2c(N(C)C)cccc12,,392.87
CHEMBL6616,COc1cc(CC(C)N)c(OC)cc1I,,321.16
CHEMBL268689,CCC(Cc1ccc2c(c1)OCO2)NC,,207.27
CHEMBL6472,CCC(c1cc(I)c(O)c(I)c1)C(CC)c1cc(I)c(O)c(I)c1,,773.96
CHEMBL267599,Brc1cccc2[nH]c3c(c12)CCN=C3,,249.11
CHEMBL6639,C#CCN(Cc1ccc2nc(C)nc(O)c2c1)c1ccc(C(=O)N[C@@H](C(=O)O)c2cccc(O)c2)cc1,,496.52
CHEMBL6640,NCCc1c[nH]c2ccccc12,TRYPTAMINE,160.22
CHEMBL268854,C#CCN(Cc1ccc2nc(C)nc(O)c2c1)c1ccc(C(=O)NCc2ccc(Cl)cc2)cc1,,470.96
CHEMBL6523,CCc1cc2c(Sc3ccc(C)cc3)ncnc2s1,,286.43
CHEMBL266064,CCc1cc2c(SCc3ccccc3)ncnc2s1,,286.42
CHEMBL6602,NCC(=O)N[C@@H](CCCN=C(N)N)C(=O)NCC(=O)N[C@@H](CC(=O)O)C(=O)N[C@@H](CO)C(=O)N1CCC[C@H]1C(=O)O,,587.59
CHEMBL6508,CC(C)C[C@H](NC(=O)[C@@H](NC(=O)[C@H](Cc1ccc(O)cc1)NC(=O)[C@H]1CCCN1C(=O)[C@H](CCCCN)NC[C@@H](N)CCCCN)C(C)(C)C)C(=O)O,,746.99
CHEMBL269601,CC(C)C[C@H](NC(=O)[C@@H](NC(=O)[C@H](Cc1c[nH]c2ccccc12)NC(=O)[C@H]1CCCN1C(=O)[C@H](CCCCN)NC[C@@H](N)CCCCN)C(C)(C)C)C(=O)O,,770.03
CHEMBL267459,CC(C)C[C@H](NC(=O)[C@@H](NC(=O)[C@H](Cc1c[nH]c2ccccc12)NC(=O)[C@H]1CCCN1C(=O)[C@H](CCCCN)NC[C@@H](N)CCCN=C(N)N)C(C)(C)C)C(=O)O,,798.05
CHEMBL269367,COc1cccc2c3c([nH]c12)C=NCC3,,200.24
CHEMBL6409,COc1ccc2c3c([nH]c2c1)C=NCC3,CGS-19281A,200.24
CHEMBL266084,COc1ccc2[nH]c3c(c2c1)CCNC3,,202.26
CHEMBL6560,C#CCN(Cc1ccc2nc(C)nc(O)c2c1)c1ccc(C(=O)NCC(=O)O)cc1,,404.43
CHEMBL268100,C#CCN(Cc1ccc2nc(C)nc(O)c2c1)c1ccc(C(=O)NCc2cccc(C#N)c2)cc1,,461.53
CHEMBL6548,O=C1Nc2ccc(Br)cc2C12SCCS2,,302.22
CHEMBL6561,O=C1Nc2ccc(Cl)cc2C12OCCS2,,241.70
CHEMBL268453,C#CCN(Cc1cc2c(O)nc(C)nc2cc1C)c1ccc(C(=O)NCc2cccc([N+](=O)[O-])c2)c(F)c1,,513.53
CHEMBL6461,C[C@]1(/C=C/C#N)[C@H](C(=O)[O-])N2C(=O)C[C@H]2S1(=O)=O.[Na+],Ro-481220,292.25
CHEMBL6715,C#CCN(Cc1cc2c(O)nc(C)nc2cc1C)c1ccc(C(=O)N[C@@H](C(=O)O)C(C)C)c(F)c1,,478.52
CHEMBL266316,O=C1Nc2c(C(F)(F)F)cccc2C12OCCO2,,259.18
CHEMBL6402,CC1OC(OC2CCC3(C)C(CCC4C3CCC3(C)[C@@H](C5=CC(=O)OC5)C(O)CC43O)C2)CC(O)C1O,,520.66
CHEMBL267703,CC1OC(OC2C(O)CC(OC3CCC4(C)C(CCC5C4CCC4(C)[C@@H](C6=CC(=O)OC6)C(O)CC54O)C3)OC2C)CC(O)C1O,,650.81
CHEMBL6391,Cc1c(CC(C)N)ccc2c1OCO2,,193.25
CHEMBL6330,Cc1cc(CC(C)N)cc2c1OCO2,,193.25
CHEMBL268629,C#CCN(Cc1ccc2nc(C)nc(O)c2c1)c1ccc(C(=O)N[C@H](Cc2ccc([N+](=O)[O-])cc2)C(=O)O)cc1,,539.55
CHEMBL6506,CN(C)c1cccc2c(S(=O)(=O)Nc3ncc(Br)nc3OCc3ccccc3)cccc12,,513.42
CHEMBL6588,CCOc1nc(Br)cnc1NS(=O)(=O)c1cccc2c(N(C)C)cccc12,,451.35
CHEMBL6542,NC(=O)c1cc2c(Sc3ccc(C(F)(F)F)cc3)cncc2s1,,354.38
CHEMBL6470,COc1ccc2c(c1)[nH]c1cnccc12,,198.22
CHEMBL267164,COCCNC(=O)C1CCN(c2nc(N)c3cc(OC)c(OC)cc3n2)CC1,,389.46
CHEMBL6831,CCN(CC)C(=O)C1CCCN(c2nc(N)c3cc(OC)c(OC)cc3n2)C1,,387.48
CHEMBL269342,C#CCN(Cc1ccc2nc(C)nc(O)c2c1)c1ccc(C(=O)NCc2cscn2)cc1,,443.53
CHEMBL6317,C#CCN(Cc1ccc2nc(C)nc(O)c2c1)c1ccc(C(=O)NCc2ccsc2)cc1,,442.54
CHEMBL267457,CCCCNC(=O)CCC1CCN(c2nc(N)c3cc(OC)c(OC)cc3n2)CC1,,415.54
CHEMBL267458,Cc1noc(NS(=O)(=O)c2cccc3c(N(C)C)cccc23)c1C,BMS-182874,345.42
CHEMBL6318,CC/C(=C(\c1ccc(I)cc1)c1ccc(OCCN2CCCC2)cc1)c1ccccc1,IDOXIFENE,523.46
CHEMBL268389,CC/C(=C(\c1ccc(I)cc1)c1ccc(OCCCCCN2CCCC2)cc1)c1ccccc1,,565.54
CHEMBL6547,CC/C(=C(\c1ccc(I)cc1)c1ccc(OCCCCCCCCCCN2CCCC2)cc1)c1ccccc1,,635.67
CHEMBL6446,COc1ccc(C2CN3CCN(C)CC3c3ccccc32)cc1,,308.43
CHEMBL6605,Cc1c(C)c2c(c(C)c1OCc1ccccc1)C(CN(C)CCOc1ccc(/C=C3\SC(=O)NC3=O)cc1)C(C)(C)O2,,586.75
CHEMBL6399,CN(C)c1cccc2c(S(=O)(=O)Nc3cnccn3)cccc12,,328.40
CHEMBL266315,CN(C)c1cccc2c(S(=O)(=O)Nc3ccc(Cl)cn3)cccc12,,361.85
CHEMBL6400,CN(C)c1cccc2c(S(=O)(=O)Nc3ccc(Br)cc3)cccc12,,405.32
CHEMBL6574,c1ccc(CN2CCN3CC(c4ccccc4)c4ccccc4C3C2)cc1,,354.50
CHEMBL6575,CN1CCN2CC(c3ccc([N+](=O)[O-])cc3)c3ccc([N+](=O)[O-])cc3C2C1,,368.39
CHEMBL6459,CN1CCN2CC(c3ccc(Cl)cc3)c3ccccc3C2C1,,312.84
CHEMBL266801,CN1CCN2CC(c3ccc([N+](=O)[O-])cc3)c3ccccc3C2C1,,323.40
CHEMBL6566,Cc1nc(NS(=O)(=O)c2cccc3c(N(C)C)cccc23)ccc1Br,,420.33
CHEMBL6570,Nc1nc(N)c2nc(Sc3cccc(C(F)(F)F)c3)cnc2n1,,338.32
CHEMBL269472,CC/C(=C(\c1ccc(I)cc1)c1ccc(OCCCN2CCCC2)cc1)c1ccccc1,,537.49
CHEMBL6512,CCCc1nc(Br)cnc1NS(=O)(=O)c1cccc2c(N(C)C)cccc12,,449.37
CHEMBL6800,COc1nc(Br)cnc1NS(=O)(=O)c1cccc2c(N(C)C)cccc12,,437.32
CHEMBL6376,Cc1cc2c(cc1CC(C)N)OCO2,,193.25
CHEMBL6368,CC(N)Cc1ccc(I)cc1,p-IODOAMPHETAMINE,261.11
CHEMBL6380,COc1cc2nc(N3CCC(C(=O)Nc4ccccc4)CC3)nc(N)c2cc1OC,,407.47
CHEMBL415288,COc1cc2nc(N3CCC(C(=O)N(C)Cc4ccccc4)CC3)nc(N)c2cc1OC,,435.53
CHEMBL6627,CN1CCN2CC(c3ccccc3)c3ccccc3C2C1,,278.40
CHEMBL404992,CCCN1CCN2CC(c3ccccc3)c3ccccc3C2C1,,306.45
CHEMBL6543,CCc1nc(Br)cnc1NS(=O)(=O)c1cccc2c(N(C)C)cccc12,,435.35
CHEMBL269537,COc1cc2nc(N3CCC(CC(=O)NCC4CC4)CC3)nc(N)c2cc1OC,,399.50
CHEMBL6842,CC(N)Cc1ccc2c(c1)CCC2,,175.27
CHEMBL6664,CCC(c1ccc(O)cc1)C(CC)c1cc(I)c(O)c(I)c1,,522.16
CHEMBL6732,CCC(c1ccc(O)cc1)C(CC)c1ccc(O)c(Br)c1,,349.27
CHEMBL267600,CC/C(=C(\c1ccc(I)cc1)c1ccc(OCCCCCCCN2CCCC2)cc1)c1ccccc1,,593.59
CHEMBL266508,C#CCN(Cc1ccc2nc(C)nc(O)c2c1)c1ccc(C(=O)N[C@H](C)C(=O)O)cc1,,418.45
CHEMBL6788,C#CCN(Cc1ccc2nc(C)nc(O)c2c1)c1ccc(C(=O)N[C@H](CCC)C(=O)O)cc1,,446.51
CHEMBL6789,CCCCNC(=O)CC1CCN(c2nc(N)c3cc(OC)c(OC)cc3n2)CC1,,401.51
CHEMBL266684,CN(C)c1cccc2c(S(=O)(=O)Nc3ccc(I)cn3)cccc12,,453.31
CHEMBL6485,CCC(c1ccc(O)c(Br)c1)C(CC)c1ccc(O)c(Br)c1,,428.16
CHEMBL266685,C/N=C(/NC#N)NC1c2cnccc2OC(C)(C)[C@H]1O,,275.31
CHEMBL6744,CC/C(=C(\c1ccc(I)cc1)c1ccc(OCCCCCCCCCN2CCCC2)cc1)c1ccccc1,,621.65
CHEMBL268340,CC12CCC(O)CC1CCC1C2CCC2(C)[C@@H](C3=CC(=O)OC3)C(OC=O)CC12O,,418.53
CHEMBL266927,COc1cc2nc(N3CCC(C(N)=O)CC3)nc(N)c2cc1OC,,331.38
CHEMBL6617,CC/C(=C(\c1ccc(I)cc1)c1ccc(OCCCCCCN(C)C)cc1)c1ccccc1,,553.53
CHEMBL267035,CC/C(=C(\c1ccc(I)cc1)c1ccc(OCCCCN2CCCC2)cc1)c1ccccc1,,551.51
CHEMBL6425,C/N=C(\NC1c2cc(C#N)ccc2OC(C)(C)[C@H]1O)NS(N)(=O)=O,,353.40
CHEMBL6436,C#CCN(Cc1cc2c(O)nc(C)nc2cc1C)c1ccc(C(=O)N[C@@H](C(=O)O)C(C)(C)C)c(F)c1,,492.55
CHEMBL6410,CC/C(=C(\c1ccc(I)cc1)c1ccc(OCCCCCCCCN2CCCC2)cc1)c1ccccc1,,607.62
CHEMBL6411,CN(C)c1cccc2c(S(=O)(=O)Nc3ccc(Br)cn3)cccc12,,406.31
CHEMBL267833,O=C1Nc2ccc(I)cc2C12OCCO2,,317.08
CHEMBL267834,O=C1Nc2cc(Cl)ccc2C12OCCO2,,225.63
CHEMBL6382,Cc1nc(Br)cnc1NS(=O)(=O)c1cccc2c(N(C)C)cccc12,,421.32
CHEMBL414200,CN(C)c1cccc2c(S(=O)(=O)Nc3cccnn3)cccc12,,328.40
CHEMBL405,CC(N)Cc1ccccc1,AMPHETAMINE,135.21
CHEMBL269303,CC/C(=C(\c1ccc(I)cc1)c1ccc(OCCCCCCN2CCCC2)cc1)c1ccccc1,,579.57
CHEMBL266039,c1ccc(CCN2CCN3CC(c4ccccc4)c4ccccc4C3C2)cc1,,368.52
CHEMBL267705,CCN(CC)C(=O)C1CCN(c2nc(N)c3cc(OC)c(OC)cc3n2)CC1,,387.48
CHEMBL6431,COc1cc2nc(N3CCC(C(=O)NCCO)CC3)nc(N)c2cc1OC,,375.43
CHEMBL6432,Cc1c(C)c2c(c(C)c1O)CCC(C)(CN(C)CCOc1ccc(CC3SC(=O)NC3=O)cc1)O2,,498.65
CHEMBL6628,O=c1[nH]c(=O)n(C2CC(O)C(CO)O2)cc1F,,246.19
CHEMBL6533,C[C@]1(Cn2ccnn2)[C@H](C(=O)[O-])N2C(=O)[C@@H](CO)[C@H]2S1(=O)=O.[Na+],,352.30
CHEMBL6579,CC1OC(O)C(OC2CCC3(C)C(CCC4C3CCC3(C)[C@@H](C5=CC(=O)OC5)C(O)CC43O)C2)C(O)C1O,,536.66
CHEMBL6638,CCCCCCN1CCN2CC(c3ccccc3)c3ccccc3C2C1,,348.53
CHEMBL266317,COc1cc2nc(N3CCC(C(=O)NCCOc4ccccc4)CC3)nc(N)c2cc1OC,,451.53
CHEMBL267832,C#CCN(Cc1ccc2nc(C)nc(O)c2c1)c1ccc(C(=O)N[C@@H](C(=O)O)C(C)C)cc1,,446.51
CHEMBL6622,O=[N+]([O-])O[C@H]1CO[C@H]2[C@@H]1OC[C@H]2O[N+](=O)[O-],ISOSORBIDE DINITRATE,236.14
CHEMBL6469,C[C@]1(/C=C\C#N)[C@H](C(=O)[O-])N2C(=O)[C@@H](CO)[C@H]2S1(=O)=O.[Na+],,322.27
CHEMBL269471,C[C@]1(/C=C/C#N)[C@H](C(=O)[O-])N2C(=O)[C@@H](CO)[C@H]2S1(=O)=O.[Na+],,322.27
CHEMBL6677,CC1(C)Oc2ccc(C#N)cc2C(N2CCCC2=O)[C@@H]1O,,286.33
CHEMBL6730,CC/C(=C(\c1ccc(I)cc1)c1ccc(OCCN(C)C)cc1)c1ccccc1,,497.42
CHEMBL6663,C#CCN(Cc1ccc2nc(C)nc(O)c2c1)c1ccc(C(=O)N[C@@H](C(=O)O)C(C)(C)C)cc1,,460.53
CHEMBL268627,CCNC(=O)C1CCN(c2nc(N)c3cc(OC)c(OC)cc3n2)CC1,,359.43
CHEMBL6596,CC/C(=C(\c1ccc(I)cc1)c1ccc(OCCCCCCCCCCN(C)C)cc1)c1ccccc1,,609.64
CHEMBL6527,CC(C)(C)/N=C(/NC#N)NC1c2cc(C#N)ccc2OC(C)(C)[C@H]1O,,341.42
CHEMBL6785,CCN(C)c1cccc2c(S(=O)(=O)Nc3ncc(Br)nc3OC)cccc12,,451.35
CHEMBL267426,CC/C(=C(\c1ccc(I)cc1)c1ccc(OCCCCN(C)C)cc1)c1ccccc1,,525.47
CHEMBL6649,CNCC1NCC(c2ccccc2)c2ccccc21,,252.36
CHEMBL266509,C#CCN(Cc1ccc2nc(C)nc(O)c2c1)c1ccc(C(=O)N[C@H](CCC(N)=O)C(=O)O)cc1,,475.51
CHEMBL6718,CC/C(=C(\c1ccc(I)cc1)c1ccc(OCCCCCCCCN(C)C)cc1)c1ccccc1,,581.58
CHEMBL263079,CCNc1cccc2c(S(=O)(=O)Nc3ncc(Br)nc3OC)cccc12,,437.32
CHEMBL6437,CN1CCN2c3ccccc3Cc3ccccc3C2C1,MIANSERIN,264.37
CHEMBL6511,Cc1c(C)c2c(c(C)c1O)CCC(C)(CNCCOc1ccc(/C=C3\SC(=O)NC3=O)cc1)O2,,482.60
CHEMBL6528,CN(C)CC1c2ccccc2C(c2ccccc2)CN1C,,280.42
CHEMBL451551,CC12CCC(OC=O)CC1CCC1C2CCC2(C)[C@@H](C3=CC(=O)OC3)C(OC=O)CC12O,,446.54
CHEMBL6678,CO/N=C/[C@@]1(C)[C@H](C(=O)[O-])N2C(=O)[C@@H](CO)[C@H]2S1(=O)=O.[Na+],,328.28
CHEMBL6775,C#CCN(Cc1ccc2nc(C)nc(O)c2c1)c1ccc(C(=O)NCc2ccc([N+](=O)[O-])cc2)cc1,,481.51
CHEMBL6471,Cc1c(C)c2c(c(C)c1O)CCC(C)(CN(C)CCOc1ccc(/C=C3\SC(=O)NC3=O)cc1)O2,,496.63
CHEMBL6447,COc1cc2nc(N3CCC(C(=O)NCC4CC4)CC3)nc(N)c2cc1OC,,385.47
CHEMBL6556,CCCCNC(=O)C1CCN(c2nc(N)c3cc(OC)c(OC)cc3n2)CC1,,387.48
CHEMBL266279,CCCCNC(=O)C1CCCN(c2nc(N)c3cc(OC)c(OC)cc3n2)C1,,387.48
CHEMBL6443,CN/C(=C\[N+](=O)[O-])NC1c2cc(C#N)ccc2OC(C)(C)[C@H]1O,,318.33
